{
  "train_losses": [
    1.1439868303445668,
    1.073548280275785,
    0.5773905561520503,
    0.14717212605934876,
    0.09676174618876897,
    0.0940807255414816,
    0.08627765940932128,
    0.07630094226736289,
    0.08363877809964694,
    0.073586106300354,
    0.060830942140175745,
    0.06706686432545002,
    0.0796582386470758,
    0.06959075251450905,
    0.06487704655871941
  ],
  "val_losses": [
    1.0706956088542938,
    0.8276322185993195,
    0.10596338659524918,
    0.0023793101718183607,
    0.0007477737817680463,
    0.0016923504008445889,
    0.0024731236044317484,
    6.945507811906282e-05,
    0.0002646197092417424,
    0.0004919241873722058,
    0.0003173213863192359,
    0.00017113365129262093,
    0.00011264235763519537,
    0.0001453300917546585,
    0.00025783402952583856
  ],
  "val_accuracies": [
    0.4,
    0.69,
    1.0,
    1.0,
    1.0,
    1.0,
    1.0,
    1.0,
    1.0,
    1.0,
    1.0,
    1.0,
    1.0,
    1.0,
    1.0
  ],
  "final_accuracy": 1.0,
  "best_accuracy": 1.0
}